0.000000000000000000e+00,0.000000000000000000e+00,0.000000000000000000e+00,0.000000000000000000e+00,0.000000000000000000e+00,0.000000000000000000e+00,0.000000000000000000e+00,0.000000000000000000e+00,0.000000000000000000e+00,0.000000000000000000e+00,0.000000000000000000e+00,0.000000000000000000e+00,1.980676328502415373e-01,0.000000000000000000e+00,0.000000000000000000e+00,0.000000000000000000e+00,0.000000000000000000e+00,1.594202898550724778e-01,2.705314009661836105e-01,2.125603864734299797e-01,0.000000000000000000e+00,0.000000000000000000e+00,0.000000000000000000e+00,0.000000000000000000e+00,0.000000000000000000e+00,0.000000000000000000e+00,0.000000000000000000e+00,0.000000000000000000e+00,0.000000000000000000e+00,0.000000000000000000e+00,0.000000000000000000e+00,0.000000000000000000e+00,0.000000000000000000e+00,0.000000000000000000e+00,0.000000000000000000e+00,0.000000000000000000e+00,0.000000000000000000e+00,0.000000000000000000e+00,0.000000000000000000e+00,0.000000000000000000e+00,0.000000000000000000e+00,0.000000000000000000e+00,0.000000000000000000e+00,0.000000000000000000e+00,0.000000000000000000e+00,0.000000000000000000e+00,0.000000000000000000e+00,0.000000000000000000e+00,0.000000000000000000e+00,0.000000000000000000e+00,0.000000000000000000e+00,1.594202898550724778e-01
0.000000000000000000e+00,0.000000000000000000e+00,5.867346938775510473e-02,5.102040816326531072e-03,6.377551020408163407e-02,0.000000000000000000e+00,0.000000000000000000e+00,0.000000000000000000e+00,0.000000000000000000e+00,2.551020408163265536e-03,2.551020408163265536e-03,0.000000000000000000e+00,0.000000000000000000e+00,5.867346938775510473e-02,7.653061224489795741e-03,5.612244897959183659e-02,7.653061224489796088e-02,0.000000000000000000e+00,0.000000000000000000e+00,0.000000000000000000e+00,1.530612244897959148e-02,6.122448979591836593e-02,2.551020408163265536e-03,5.102040816326531072e-03,0.000000000000000000e+00,3.061224489795918297e-02,9.948979591836734637e-02,0.000000000000000000e+00,1.275510204081632681e-02,1.275510204081632681e-02,1.530612244897959148e-02,4.846938775510203912e-02,6.122448979591836593e-02,6.377551020408163407e-02,0.000000000000000000e+00,0.000000000000000000e+00,0.000000000000000000e+00,0.000000000000000000e+00,1.785714285714285962e-02,0.000000000000000000e+00,0.000000000000000000e+00,0.000000000000000000e+00,0.000000000000000000e+00,0.000000000000000000e+00,3.061224489795918297e-02,1.785714285714285962e-02,1.020408163265306214e-02,0.000000000000000000e+00,2.551020408163265536e-03,3.316326530612245110e-02,1.275510204081632681e-01,0.000000000000000000e+00
0.000000000000000000e+00,4.181818181818180991e-02,0.000000000000000000e+00,0.000000000000000000e+00,7.272727272727271854e-03,0.000000000000000000e+00,0.000000000000000000e+00,0.000000000000000000e+00,0.000000000000000000e+00,0.000000000000000000e+00,0.000000000000000000e+00,0.000000000000000000e+00,0.000000000000000000e+00,1.163636363636363497e-01,0.000000000000000000e+00,8.181818181818180380e-02,1.090909090909090717e-01,0.000000000000000000e+00,0.000000000000000000e+00,0.000000000000000000e+00,5.454545454545453240e-03,1.290909090909090617e-01,0.000000000000000000e+00,0.000000000000000000e+00,0.000000000000000000e+00,3.636363636363635927e-03,5.090909090909090384e-02,0.000000000000000000e+00,0.000000000000000000e+00,0.000000000000000000e+00,0.000000000000000000e+00,5.454545454545453240e-03,1.236363636363636276e-01,1.127272727272727038e-01,5.454545454545453240e-03,0.000000000000000000e+00,0.000000000000000000e+00,0.000000000000000000e+00,3.090909090909090690e-02,0.000000000000000000e+00,0.000000000000000000e+00,0.000000000000000000e+00,0.000000000000000000e+00,0.000000000000000000e+00,4.727272727272726488e-02,0.000000000000000000e+00,1.818181818181817963e-03,0.000000000000000000e+00,0.000000000000000000e+00,6.181818181818181379e-02,6.545454545454544582e-02,0.000000000000000000e+00
0.000000000000000000e+00,5.361930294906166322e-03,0.000000000000000000e+00,0.000000000000000000e+00,2.412868632707774671e-02,0.000000000000000000e+00,0.000000000000000000e+00,0.000000000000000000e+00,0.000000000000000000e+00,3.217158176943699793e-02,4.557640750670241547e-02,0.000000000000000000e+00,0.000000000000000000e+00,0.000000000000000000e+00,1.286863270777479917e-01,0.000000000000000000e+00,0.000000000000000000e+00,0.000000000000000000e+00,0.000000000000000000e+00,0.000000000000000000e+00,2.144772117962466529e-02,0.000000000000000000e+00,3.217158176943699793e-02,8.847184986595174605e-02,1.340482573726541581e-02,4.557640750670241547e-02,0.000000000000000000e+00,8.310991957104557626e-02,5.898123324396782607e-02,9.919571045576407176e-02,1.340482573726541615e-01,5.630026809651474118e-02,0.000000000000000000e+00,0.000000000000000000e+00,0.000000000000000000e+00,0.000000000000000000e+00,0.000000000000000000e+00,0.000000000000000000e+00,0.000000000000000000e+00,0.000000000000000000e+00,0.000000000000000000e+00,0.000000000000000000e+00,0.000000000000000000e+00,0.000000000000000000e+00,0.000000000000000000e+00,5.093833780160857833e-02,2.412868632707774671e-02,0.000000000000000000e+00,5.630026809651474118e-02,0.000000000000000000e+00,0.000000000000000000e+00,0.000000000000000000e+00
0.000000000000000000e+00,7.462686567164178442e-02,1.194029850746268669e-02,2.686567164179104461e-02,0.000000000000000000e+00,0.000000000000000000e+00,0.000000000000000000e+00,0.000000000000000000e+00,0.000000000000000000e+00,1.194029850746268669e-02,1.194029850746268669e-02,0.000000000000000000e+00,0.000000000000000000e+00,1.194029850746268669e-02,3.880597014925372956e-02,1.492537313432835792e-02,1.492537313432835792e-02,0.000000000000000000e+00,0.000000000000000000e+00,0.000000000000000000e+00,4.776119402985074675e-02,1.492537313432835792e-02,1.492537313432835792e-02,3.582089552238805485e-02,2.985074626865671672e-03,9.850746268656716820e-02,3.582089552238805485e-02,1.492537313432835792e-02,6.268656716417909947e-02,6.268656716417909947e-02,5.970149253731343170e-02,1.253731343283581989e-01,1.492537313432835792e-02,1.492537313432835792e-02,0.000000000000000000e+00,0.000000000000000000e+00,0.000000000000000000e+00,0.000000000000000000e+00,5.970149253731343343e-03,0.000000000000000000e+00,0.000000000000000000e+00,0.000000000000000000e+00,0.000000000000000000e+00,0.000000000000000000e+00,1.492537313432835792e-02,7.164179104477610971e-02,2.388059701492537337e-02,0.000000000000000000e+00,1.194029850746268669e-02,8.955223880597013714e-03,3.880597014925372956e-02,0.000000000000000000e+00
0.000000000000000000e+00,0.000000000000000000e+00,0.000000000000000000e+00,0.000000000000000000e+00,0.000000000000000000e+00,0.000000000000000000e+00,1.489361702127659781e-01,1.773049645390071399e-02,1.773049645390071399e-02,2.482269503546100098e-02,1.418439716312057050e-02,1.418439716312057119e-01,0.000000000000000000e+00,0.000000000000000000e+00,0.000000000000000000e+00,0.000000000000000000e+00,0.000000000000000000e+00,0.000000000000000000e+00,0.000000000000000000e+00,0.000000000000000000e+00,0.000000000000000000e+00,0.000000000000000000e+00,1.418439716312057050e-02,0.000000000000000000e+00,6.382978723404256205e-02,0.000000000000000000e+00,0.000000000000000000e+00,3.546099290780142625e-03,0.000000000000000000e+00,0.000000000000000000e+00,0.000000000000000000e+00,0.000000000000000000e+00,0.000000000000000000e+00,0.000000000000000000e+00,2.482269503546100098e-02,1.170212765957447110e-01,0.000000000000000000e+00,6.737588652482270901e-02,0.000000000000000000e+00,6.382978723404256205e-02,1.276595744680851241e-01,2.127659574468085402e-02,0.000000000000000000e+00,4.609929078014185500e-02,0.000000000000000000e+00,0.000000000000000000e+00,1.418439716312057050e-02,5.319148936170213504e-02,1.773049645390071399e-02,0.000000000000000000e+00,0.000000000000000000e+00,0.000000000000000000e+00
0.000000000000000000e+00,0.000000000000000000e+00,0.000000000000000000e+00,0.000000000000000000e+00,0.000000000000000000e+00,1.463414634146341653e-01,0.000000000000000000e+00,1.045296167247386845e-02,1.045296167247386845e-02,6.968641114982579259e-03,3.484320557491289629e-03,2.055749128919860669e-01,0.000000000000000000e+00,0.000000000000000000e+00,0.000000000000000000e+00,0.000000000000000000e+00,0.000000000000000000e+00,0.000000000000000000e+00,0.000000000000000000e+00,0.000000000000000000e+00,0.000000000000000000e+00,0.000000000000000000e+00,3.484320557491289629e-03,0.000000000000000000e+00,2.090592334494773691e-02,0.000000000000000000e+00,0.000000000000000000e+00,3.484320557491289629e-03,0.000000000000000000e+00,0.000000000000000000e+00,0.000000000000000000e+00,0.000000000000000000e+00,0.000000000000000000e+00,0.000000000000000000e+00,9.059233449477353817e-02,6.968641114982579432e-02,0.000000000000000000e+00,5.574912891986063407e-02,0.000000000000000000e+00,5.226480836236933880e-02,6.271777003484320379e-02,1.393728222996515852e-02,0.000000000000000000e+00,1.114982578397212681e-01,0.000000000000000000e+00,0.000000000000000000e+00,6.968641114982579259e-03,1.184668989547038587e-01,3.484320557491289629e-03,3.484320557491289629e-03,0.000000000000000000e+00,0.000000000000000000e+00
0.000000000000000000e+00,0.000000000000000000e+00,0.000000000000000000e+00,0.000000000000000000e+00,0.000000000000000000e+00,2.824858757062146883e-02,1.694915254237288130e-02,0.000000000000000000e+00,2.429378531073446146e-01,0.000000000000000000e+00,0.000000000000000000e+00,3.389830508474576259e-02,0.000000000000000000e+00,0.000000000000000000e+00,0.000000000000000000e+00,0.000000000000000000e+00,0.000000000000000000e+00,0.000000000000000000e+00,0.000000000000000000e+00,0.000000000000000000e+00,0.000000000000000000e+00,0.000000000000000000e+00,0.000000000000000000e+00,0.000000000000000000e+00,0.000000000000000000e+00,0.000000000000000000e+00,0.000000000000000000e+00,0.000000000000000000e+00,0.000000000000000000e+00,0.000000000000000000e+00,0.000000000000000000e+00,0.000000000000000000e+00,0.000000000000000000e+00,0.000000000000000000e+00,0.000000000000000000e+00,0.000000000000000000e+00,1.977401129943502645e-01,7.344632768361582242e-02,0.000000000000000000e+00,7.344632768361582242e-02,0.000000000000000000e+00,1.807909604519774005e-01,1.525423728813559421e-01,0.000000000000000000e+00,0.000000000000000000e+00,0.000000000000000000e+00,0.000000000000000000e+00,0.000000000000000000e+00,0.000000000000000000e+00,0.000000000000000000e+00,0.000000000000000000e+00,0.000000000000000000e+00
0.000000000000000000e+00,0.000000000000000000e+00,0.000000000000000000e+00,0.000000000000000000e+00,0.000000000000000000e+00,2.873563218390804558e-02,1.724137931034482388e-02,2.471264367816091712e-01,0.000000000000000000e+00,0.000000000000000000e+00,0.000000000000000000e+00,2.298850574712643299e-02,0.000000000000000000e+00,0.000000000000000000e+00,0.000000000000000000e+00,0.000000000000000000e+00,0.000000000000000000e+00,0.000000000000000000e+00,0.000000000000000000e+00,0.000000000000000000e+00,0.000000000000000000e+00,0.000000000000000000e+00,0.000000000000000000e+00,0.000000000000000000e+00,0.000000000000000000e+00,0.000000000000000000e+00,0.000000000000000000e+00,0.000000000000000000e+00,0.000000000000000000e+00,0.000000000000000000e+00,0.000000000000000000e+00,0.000000000000000000e+00,0.000000000000000000e+00,0.000000000000000000e+00,0.000000000000000000e+00,0.000000000000000000e+00,2.413793103448275412e-01,5.747126436781609116e-02,0.000000000000000000e+00,5.747126436781609116e-02,0.000000000000000000e+00,1.494252873563218231e-01,1.781609195402298618e-01,0.000000000000000000e+00,0.000000000000000000e+00,0.000000000000000000e+00,0.000000000000000000e+00,0.000000000000000000e+00,0.000000000000000000e+00,0.000000000000000000e+00,0.000000000000000000e+00,0.000000000000000000e+00
0.000000000000000000e+00,2.012072434607645611e-03,0.000000000000000000e+00,2.414486921529174560e-02,8.048289738430582443e-03,1.408450704225352144e-02,4.024144869215291222e-03,0.000000000000000000e+00,0.000000000000000000e+00,0.000000000000000000e+00,1.247484909456740287e-01,2.012072434607645611e-03,0.000000000000000000e+00,0.000000000000000000e+00,2.615694164989939424e-02,0.000000000000000000e+00,0.000000000000000000e+00,0.000000000000000000e+00,0.000000000000000000e+00,0.000000000000000000e+00,3.822937625754526531e-02,0.000000000000000000e+00,1.348088531187122685e-01,5.030181086519114331e-02,9.456740442655933720e-02,8.048289738430582443e-03,0.000000000000000000e+00,5.231388329979878848e-02,4.627766599597585295e-02,2.816901408450704289e-02,2.213279678068410042e-02,1.609657947686116489e-02,0.000000000000000000e+00,0.000000000000000000e+00,0.000000000000000000e+00,3.420523138832997495e-02,0.000000000000000000e+00,0.000000000000000000e+00,0.000000000000000000e+00,0.000000000000000000e+00,4.024144869215291742e-02,0.000000000000000000e+00,0.000000000000000000e+00,0.000000000000000000e+00,6.036217303822936399e-03,3.822937625754526531e-02,7.847082494969817579e-02,0.000000000000000000e+00,1.066398390342052221e-01,0.000000000000000000e+00,0.000000000000000000e+00,0.000000000000000000e+00
0.000000000000000000e+00,1.976284584980237020e-03,0.000000000000000000e+00,3.359683794466403195e-02,7.905138339920948082e-03,7.905138339920948082e-03,1.976284584980237020e-03,0.000000000000000000e+00,0.000000000000000000e+00,1.225296442687746901e-01,0.000000000000000000e+00,0.000000000000000000e+00,0.000000000000000000e+00,0.000000000000000000e+00,3.952569169960474388e-02,0.000000000000000000e+00,0.000000000000000000e+00,0.000000000000000000e+00,0.000000000000000000e+00,0.000000000000000000e+00,2.964426877470355270e-02,0.000000000000000000e+00,1.126482213438734920e-01,6.521739130434782428e-02,7.312252964426876889e-02,7.905138339920948082e-03,0.000000000000000000e+00,7.509881422924900851e-02,4.743083003952568849e-02,4.150197628458497656e-02,2.964426877470355270e-02,1.581027667984189616e-02,0.000000000000000000e+00,0.000000000000000000e+00,0.000000000000000000e+00,2.173913043478260809e-02,0.000000000000000000e+00,0.000000000000000000e+00,0.000000000000000000e+00,0.000000000000000000e+00,2.766798418972332002e-02,0.000000000000000000e+00,0.000000000000000000e+00,0.000000000000000000e+00,3.952569169960474041e-03,3.952569169960474388e-02,5.928853754940710541e-02,0.000000000000000000e+00,1.343873517786561278e-01,0.000000000000000000e+00,0.000000000000000000e+00,0.000000000000000000e+00
0.000000000000000000e+00,0.000000000000000000e+00,0.000000000000000000e+00,0.000000000000000000e+00,0.000000000000000000e+00,1.544401544401544646e-01,2.277992277992277881e-01,2.316602316602316483e-02,1.544401544401544438e-02,3.861003861003861094e-03,0.000000000000000000e+00,0.000000000000000000e+00,0.000000000000000000e+00,0.000000000000000000e+00,0.000000000000000000e+00,0.000000000000000000e+00,0.000000000000000000e+00,0.000000000000000000e+00,0.000000000000000000e+00,0.000000000000000000e+00,0.000000000000000000e+00,0.000000000000000000e+00,0.000000000000000000e+00,0.000000000000000000e+00,1.930501930501930807e-02,0.000000000000000000e+00,0.000000000000000000e+00,0.000000000000000000e+00,0.000000000000000000e+00,0.000000000000000000e+00,0.000000000000000000e+00,0.000000000000000000e+00,0.000000000000000000e+00,0.000000000000000000e+00,6.949806949806949796e-02,6.177606177606177751e-02,0.000000000000000000e+00,8.108108108108108558e-02,0.000000000000000000e+00,7.722007722007723229e-02,5.405405405405406399e-02,2.702702702702703200e-02,0.000000000000000000e+00,8.494208494208495275e-02,0.000000000000000000e+00,0.000000000000000000e+00,3.861003861003861094e-03,9.266409266409265932e-02,0.000000000000000000e+00,3.861003861003861094e-03,0.000000000000000000e+00,0.000000000000000000e+00
2.039800995024875774e-01,0.000000000000000000e+00,0.000000000000000000e+00,0.000000000000000000e+00,0.000000000000000000e+00,0.000000000000000000e+00,0.000000000000000000e+00,0.000000000000000000e+00,0.000000000000000000e+00,0.000000000000000000e+00,0.000000000000000000e+00,0.000000000000000000e+00,0.000000000000000000e+00,0.000000000000000000e+00,0.000000000000000000e+00,0.000000000000000000e+00,0.000000000000000000e+00,2.288557213930348666e-01,2.039800995024875774e-01,1.343283582089552508e-01,0.000000000000000000e+00,0.000000000000000000e+00,0.000000000000000000e+00,0.000000000000000000e+00,0.000000000000000000e+00,0.000000000000000000e+00,0.000000000000000000e+00,0.000000000000000000e+00,0.000000000000000000e+00,0.000000000000000000e+00,0.000000000000000000e+00,0.000000000000000000e+00,0.000000000000000000e+00,0.000000000000000000e+00,0.000000000000000000e+00,0.000000000000000000e+00,0.000000000000000000e+00,0.000000000000000000e+00,0.000000000000000000e+00,0.000000000000000000e+00,0.000000000000000000e+00,0.000000000000000000e+00,0.000000000000000000e+00,0.000000000000000000e+00,0.000000000000000000e+00,0.000000000000000000e+00,0.000000000000000000e+00,0.000000000000000000e+00,0.000000000000000000e+00,0.000000000000000000e+00,0.000000000000000000e+00,2.288557213930348666e-01
0.000000000000000000e+00,3.931623931623931534e-02,1.094017094017093877e-01,0.000000000000000000e+00,6.837606837606836734e-03,0.000000000000000000e+00,0.000000000000000000e+00,0.000000000000000000e+00,0.000000000000000000e+00,0.000000000000000000e+00,0.000000000000000000e+00,0.000000000000000000e+00,0.000000000000000000e+00,0.000000000000000000e+00,0.000000000000000000e+00,8.888888888888887840e-02,1.042735042735042639e-01,0.000000000000000000e+00,0.000000000000000000e+00,0.000000000000000000e+00,6.837606837606836734e-03,1.299145299145298971e-01,0.000000000000000000e+00,0.000000000000000000e+00,0.000000000000000000e+00,3.418803418803418367e-03,4.786324786324786668e-02,0.000000000000000000e+00,0.000000000000000000e+00,0.000000000000000000e+00,0.000000000000000000e+00,5.128205128205127333e-03,1.299145299145298971e-01,1.162393162393162427e-01,5.128205128205127333e-03,0.000000000000000000e+00,0.000000000000000000e+00,0.000000000000000000e+00,2.905982905982906067e-02,0.000000000000000000e+00,0.000000000000000000e+00,0.000000000000000000e+00,0.000000000000000000e+00,0.000000000000000000e+00,5.299145299145298360e-02,0.000000000000000000e+00,1.709401709401709183e-03,0.000000000000000000e+00,0.000000000000000000e+00,6.324786324786324521e-02,5.982905982905981773e-02,0.000000000000000000e+00
0.000000000000000000e+00,5.999999999999998390e-03,0.000000000000000000e+00,9.599999999999997424e-02,2.599999999999999534e-02,0.000000000000000000e+00,0.000000000000000000e+00,0.000000000000000000e+00,0.000000000000000000e+00,2.599999999999999534e-02,3.999999999999999389e-02,0.000000000000000000e+00,0.000000000000000000e+00,0.000000000000000000e+00,0.000000000000000000e+00,0.000000000000000000e+00,0.000000000000000000e+00,0.000000000000000000e+00,0.000000000000000000e+00,0.000000000000000000e+00,3.399999999999999550e-02,0.000000000000000000e+00,2.799999999999999711e-02,1.079999999999999849e-01,1.199999999999999678e-02,3.199999999999999373e-02,0.000000000000000000e+00,6.199999999999998568e-02,8.999999999999998279e-02,1.259999999999999731e-01,9.999999999999997780e-02,6.799999999999999101e-02,0.000000000000000000e+00,0.000000000000000000e+00,0.000000000000000000e+00,1.999999999999999608e-03,0.000000000000000000e+00,0.000000000000000000e+00,0.000000000000000000e+00,0.000000000000000000e+00,1.999999999999999608e-03,0.000000000000000000e+00,0.000000000000000000e+00,0.000000000000000000e+00,0.000000000000000000e+00,6.999999999999997891e-02,2.999999999999999195e-02,0.000000000000000000e+00,4.199999999999998873e-02,0.000000000000000000e+00,0.000000000000000000e+00,0.000000000000000000e+00
0.000000000000000000e+00,4.554865424430641629e-02,9.316770186335403270e-02,0.000000000000000000e+00,1.035196687370600402e-02,0.000000000000000000e+00,0.000000000000000000e+00,0.000000000000000000e+00,0.000000000000000000e+00,0.000000000000000000e+00,0.000000000000000000e+00,0.000000000000000000e+00,0.000000000000000000e+00,1.076604554865424473e-01,0.000000000000000000e+00,0.000000000000000000e+00,9.316770186335403270e-02,0.000000000000000000e+00,0.000000000000000000e+00,0.000000000000000000e+00,1.242236024844720413e-02,1.035196687370600332e-01,0.000000000000000000e+00,0.000000000000000000e+00,0.000000000000000000e+00,4.140786749482401954e-03,5.383022774327122367e-02,0.000000000000000000e+00,0.000000000000000000e+00,0.000000000000000000e+00,0.000000000000000000e+00,8.281573498964803909e-03,9.730848861283643292e-02,1.035196687370600332e-01,0.000000000000000000e+00,0.000000000000000000e+00,0.000000000000000000e+00,0.000000000000000000e+00,2.898550724637681542e-02,0.000000000000000000e+00,0.000000000000000000e+00,0.000000000000000000e+00,0.000000000000000000e+00,0.000000000000000000e+00,8.902691511387163248e-02,2.070393374741200977e-03,2.070393374741200977e-03,0.000000000000000000e+00,0.000000000000000000e+00,8.488612836438923226e-02,6.004140786749481706e-02,0.000000000000000000e+00
0.000000000000000000e+00,5.405405405405405705e-02,1.081081081081081141e-01,0.000000000000000000e+00,9.009009009009008931e-03,0.000000000000000000e+00,0.000000000000000000e+00,0.000000000000000000e+00,0.000000000000000000e+00,0.000000000000000000e+00,0.000000000000000000e+00,0.000000000000000000e+00,0.000000000000000000e+00,1.099099099099099114e-01,0.000000000000000000e+00,8.108108108108108558e-02,0.000000000000000000e+00,0.000000000000000000e+00,0.000000000000000000e+00,0.000000000000000000e+00,5.405405405405405705e-03,1.081081081081081141e-01,0.000000000000000000e+00,0.000000000000000000e+00,0.000000000000000000e+00,3.603603603603603659e-03,5.945945945945946276e-02,0.000000000000000000e+00,0.000000000000000000e+00,0.000000000000000000e+00,0.000000000000000000e+00,5.405405405405405705e-03,1.225225225225225339e-01,1.279279279279279258e-01,0.000000000000000000e+00,0.000000000000000000e+00,0.000000000000000000e+00,0.000000000000000000e+00,2.522522522522522778e-02,0.000000000000000000e+00,0.000000000000000000e+00,0.000000000000000000e+00,0.000000000000000000e+00,0.000000000000000000e+00,4.504504504504504986e-02,0.000000000000000000e+00,1.801801801801801830e-03,0.000000000000000000e+00,0.000000000000000000e+00,5.225225225225225284e-02,8.108108108108108558e-02,0.000000000000000000e+00
1.833333333333333481e-01,0.000000000000000000e+00,0.000000000000000000e+00,0.000000000000000000e+00,0.000000000000000000e+00,0.000000000000000000e+00,0.000000000000000000e+00,0.000000000000000000e+00,0.000000000000000000e+00,0.000000000000000000e+00,0.000000000000000000e+00,0.000000000000000000e+00,2.555555555555555358e-01,0.000000000000000000e+00,0.000000000000000000e+00,0.000000000000000000e+00,0.000000000000000000e+00,0.000000000000000000e+00,1.833333333333333481e-01,1.055555555555555552e-01,0.000000000000000000e+00,0.000000000000000000e+00,0.000000000000000000e+00,0.000000000000000000e+00,0.000000000000000000e+00,0.000000000000000000e+00,0.000000000000000000e+00,0.000000000000000000e+00,0.000000000000000000e+00,0.000000000000000000e+00,0.000000000000000000e+00,0.000000000000000000e+00,0.000000000000000000e+00,0.000000000000000000e+00,0.000000000000000000e+00,0.000000000000000000e+00,0.000000000000000000e+00,0.000000000000000000e+00,0.000000000000000000e+00,0.000000000000000000e+00,0.000000000000000000e+00,0.000000000000000000e+00,0.000000000000000000e+00,0.000000000000000000e+00,0.000000000000000000e+00,0.000000000000000000e+00,0.000000000000000000e+00,0.000000000000000000e+00,0.000000000000000000e+00,0.000000000000000000e+00,0.000000000000000000e+00,2.722222222222221988e-01
2.731707317073171493e-01,0.000000000000000000e+00,0.000000000000000000e+00,0.000000000000000000e+00,0.000000000000000000e+00,0.000000000000000000e+00,0.000000000000000000e+00,0.000000000000000000e+00,0.000000000000000000e+00,0.000000000000000000e+00,0.000000000000000000e+00,0.000000000000000000e+00,2.000000000000000111e-01,0.000000000000000000e+00,0.000000000000000000e+00,0.000000000000000000e+00,0.000000000000000000e+00,1.609756097560975929e-01,0.000000000000000000e+00,2.048780487804878203e-01,0.000000000000000000e+00,0.000000000000000000e+00,0.000000000000000000e+00,0.000000000000000000e+00,0.000000000000000000e+00,0.000000000000000000e+00,0.000000000000000000e+00,0.000000000000000000e+00,0.000000000000000000e+00,0.000000000000000000e+00,0.000000000000000000e+00,0.000000000000000000e+00,0.000000000000000000e+00,0.000000000000000000e+00,0.000000000000000000e+00,0.000000000000000000e+00,0.000000000000000000e+00,0.000000000000000000e+00,0.000000000000000000e+00,0.000000000000000000e+00,0.000000000000000000e+00,0.000000000000000000e+00,0.000000000000000000e+00,0.000000000000000000e+00,0.000000000000000000e+00,0.000000000000000000e+00,0.000000000000000000e+00,0.000000000000000000e+00,0.000000000000000000e+00,0.000000000000000000e+00,0.000000000000000000e+00,1.609756097560975929e-01
2.913907284768211814e-01,0.000000000000000000e+00,0.000000000000000000e+00,0.000000000000000000e+00,0.000000000000000000e+00,0.000000000000000000e+00,0.000000000000000000e+00,0.000000000000000000e+00,0.000000000000000000e+00,0.000000000000000000e+00,0.000000000000000000e+00,0.000000000000000000e+00,1.788079470198675469e-01,0.000000000000000000e+00,0.000000000000000000e+00,0.000000000000000000e+00,0.000000000000000000e+00,1.258278145695364281e-01,2.781456953642383878e-01,0.000000000000000000e+00,0.000000000000000000e+00,0.000000000000000000e+00,0.000000000000000000e+00,0.000000000000000000e+00,0.000000000000000000e+00,0.000000000000000000e+00,0.000000000000000000e+00,0.000000000000000000e+00,0.000000000000000000e+00,0.000000000000000000e+00,0.000000000000000000e+00,0.000000000000000000e+00,0.000000000000000000e+00,0.000000000000000000e+00,0.000000000000000000e+00,0.000000000000000000e+00,0.000000000000000000e+00,0.000000000000000000e+00,0.000000000000000000e+00,0.000000000000000000e+00,0.000000000000000000e+00,0.000000000000000000e+00,0.000000000000000000e+00,0.000000000000000000e+00,0.000000000000000000e+00,0.000000000000000000e+00,0.000000000000000000e+00,0.000000000000000000e+00,0.000000000000000000e+00,0.000000000000000000e+00,0.000000000000000000e+00,1.258278145695364281e-01
0.000000000000000000e+00,1.438848920863309254e-02,7.194244604316546270e-03,1.918465227817746019e-02,3.836930455635492038e-02,0.000000000000000000e+00,0.000000000000000000e+00,0.000000000000000000e+00,0.000000000000000000e+00,4.556354916067146404e-02,3.597122302158273222e-02,0.000000000000000000e+00,0.000000000000000000e+00,9.592326139088730094e-03,4.076738609112710160e-02,1.438848920863309254e-02,7.194244604316546270e-03,0.000000000000000000e+00,0.000000000000000000e+00,0.000000000000000000e+00,0.000000000000000000e+00,9.592326139088730094e-03,6.474820143884892076e-02,5.275779376498800771e-02,2.877697841726618508e-02,2.398081534772182263e-02,7.194244604316546270e-03,1.438848920863309254e-02,9.112709832134292809e-02,5.515587529976019587e-02,3.117505995203836977e-02,6.714628297362111586e-02,7.194244604316546270e-03,7.194244604316546270e-03,0.000000000000000000e+00,9.592326139088730094e-03,0.000000000000000000e+00,0.000000000000000000e+00,4.796163069544365047e-03,0.000000000000000000e+00,1.199040767386091132e-02,0.000000000000000000e+00,0.000000000000000000e+00,0.000000000000000000e+00,2.398081534772182263e-02,1.031175059952038342e-01,1.103117505995203917e-01,0.000000000000000000e+00,2.398081534772182263e-02,1.199040767386091132e-02,7.194244604316546270e-03,0.000000000000000000e+00
0.000000000000000000e+00,4.060913705583756028e-02,1.201353637901861199e-01,0.000000000000000000e+00,8.460236886632825637e-03,0.000000000000000000e+00,0.000000000000000000e+00,0.000000000000000000e+00,0.000000000000000000e+00,0.000000000000000000e+00,0.000000000000000000e+00,0.000000000000000000e+00,0.000000000000000000e+00,1.285956006768189386e-01,0.000000000000000000e+00,8.460236886632825637e-02,1.015228426395939076e-01,0.000000000000000000e+00,0.000000000000000000e+00,0.000000000000000000e+00,6.768189509306260336e-03,0.000000000000000000e+00,0.000000000000000000e+00,0.000000000000000000e+00,0.000000000000000000e+00,3.384094754653130168e-03,4.906937394247038592e-02,0.000000000000000000e+00,0.000000000000000000e+00,0.000000000000000000e+00,0.000000000000000000e+00,5.076142131979695035e-03,1.336717428087986492e-01,1.116751269035533012e-01,5.076142131979695035e-03,0.000000000000000000e+00,0.000000000000000000e+00,0.000000000000000000e+00,2.876480541455160925e-02,0.000000000000000000e+00,0.000000000000000000e+00,0.000000000000000000e+00,0.000000000000000000e+00,0.000000000000000000e+00,4.906937394247038592e-02,0.000000000000000000e+00,1.692047377326565084e-03,0.000000000000000000e+00,0.000000000000000000e+00,6.091370558375634042e-02,6.091370558375634042e-02,0.000000000000000000e+00
0.000000000000000000e+00,1.972386587771203254e-03,0.000000000000000000e+00,2.366863905325443732e-02,9.861932938856015837e-03,7.889546351084813017e-03,1.972386587771203254e-03,0.000000000000000000e+00,0.000000000000000000e+00,1.321499013806706202e-01,1.124260355029585573e-01,0.000000000000000000e+00,0.000000000000000000e+00,0.000000000000000000e+00,2.761341222879684643e-02,0.000000000000000000e+00,0.000000000000000000e+00,0.000000000000000000e+00,0.000000000000000000e+00,0.000000000000000000e+00,5.325443786982248656e-02,0.000000000000000000e+00,0.000000000000000000e+00,5.128205128205128027e-02,8.678500986193293798e-02,9.861932938856015837e-03,0.000000000000000000e+00,4.536489151873767528e-02,5.719921104536488526e-02,3.155818540433925207e-02,2.169625246548323450e-02,1.972386587771203167e-02,0.000000000000000000e+00,0.000000000000000000e+00,0.000000000000000000e+00,2.761341222879684643e-02,0.000000000000000000e+00,0.000000000000000000e+00,0.000000000000000000e+00,0.000000000000000000e+00,3.353057199211045142e-02,0.000000000000000000e+00,0.000000000000000000e+00,0.000000000000000000e+00,7.889546351084813017e-03,4.930966469428007398e-02,9.270216962524653603e-02,0.000000000000000000e+00,9.467455621301774926e-02,0.000000000000000000e+00,0.000000000000000000e+00,0.000000000000000000e+00
0.000000000000000000e+00,3.703703703703703411e-03,0.000000000000000000e+00,6.111111111111110911e-02,2.222222222222221960e-02,0.000000000000000000e+00,0.000000000000000000e+00,0.000000000000000000e+00,0.000000000000000000e+00,4.629629629629629373e-02,6.111111111111110911e-02,0.000000000000000000e+00,0.000000000000000000e+00,0.000000000000000000e+00,1.000000000000000056e-01,0.000000000000000000e+00,0.000000000000000000e+00,0.000000000000000000e+00,0.000000000000000000e+00,0.000000000000000000e+00,4.074074074074073709e-02,0.000000000000000000e+00,4.814814814814814825e-02,0.000000000000000000e+00,1.666666666666666644e-02,1.481481481481481365e-02,0.000000000000000000e+00,6.481481481481481122e-02,9.444444444444444198e-02,1.055555555555555414e-01,6.666666666666666574e-02,6.666666666666666574e-02,0.000000000000000000e+00,0.000000000000000000e+00,0.000000000000000000e+00,3.703703703703703411e-03,0.000000000000000000e+00,0.000000000000000000e+00,0.000000000000000000e+00,0.000000000000000000e+00,3.703703703703703411e-03,0.000000000000000000e+00,0.000000000000000000e+00,0.000000000000000000e+00,0.000000000000000000e+00,8.148148148148147418e-02,3.888888888888888257e-02,0.000000000000000000e+00,5.925925925925925458e-02,0.000000000000000000e+00,0.000000000000000000e+00,0.000000000000000000e+00
0.000000000000000000e+00,0.000000000000000000e+00,0.000000000000000000e+00,1.322751322751322678e-02,2.645502645502645356e-03,4.761904761904761640e-02,1.587301587301587213e-02,0.000000000000000000e+00,0.000000000000000000e+00,1.243386243386243178e-01,9.788359788359787816e-02,1.322751322751322678e-02,0.000000000000000000e+00,0.000000000000000000e+00,1.587301587301587213e-02,0.000000000000000000e+00,0.000000000000000000e+00,0.000000000000000000e+00,0.000000000000000000e+00,0.000000000000000000e+00,3.174603174603174427e-02,0.000000000000000000e+00,1.164021164021163957e-01,2.380952380952380820e-02,0.000000000000000000e+00,2.645502645502645356e-03,0.000000000000000000e+00,3.174603174603174427e-02,3.439153439153438963e-02,1.587301587301587213e-02,1.058201058201058142e-02,5.291005291005290712e-03,0.000000000000000000e+00,0.000000000000000000e+00,0.000000000000000000e+00,7.936507936507936067e-02,0.000000000000000000e+00,2.645502645502645356e-03,0.000000000000000000e+00,2.645502645502645356e-03,1.084656084656084457e-01,0.000000000000000000e+00,0.000000000000000000e+00,0.000000000000000000e+00,5.291005291005290712e-03,2.910052910052909891e-02,8.201058201058200603e-02,0.000000000000000000e+00,8.730158730158729674e-02,0.000000000000000000e+00,0.000000000000000000e+00,0.000000000000000000e+00
0.000000000000000000e+00,5.020920502092049431e-02,8.368200836820082963e-03,7.112970711297071646e-02,1.380753138075313802e-01,0.000000000000000000e+00,0.000000000000000000e+00,0.000000000000000000e+00,0.000000000000000000e+00,1.673640167364016593e-02,1.673640167364016593e-02,0.000000000000000000e+00,0.000000000000000000e+00,8.368200836820082963e-03,6.694560669456066371e-02,8.368200836820082963e-03,8.368200836820082963e-03,0.000000000000000000e+00,0.000000000000000000e+00,0.000000000000000000e+00,4.184100418410041655e-02,8.368200836820082963e-03,2.092050209205020828e-02,3.347280334728033185e-02,4.184100418410041482e-03,0.000000000000000000e+00,1.673640167364016593e-02,2.928870292887029297e-02,4.184100418410041655e-02,6.276150627615062483e-02,9.205020920502091086e-02,1.129707112970711330e-01,8.368200836820082963e-03,8.368200836820082963e-03,0.000000000000000000e+00,0.000000000000000000e+00,0.000000000000000000e+00,0.000000000000000000e+00,8.368200836820082963e-03,0.000000000000000000e+00,0.000000000000000000e+00,0.000000000000000000e+00,0.000000000000000000e+00,0.000000000000000000e+00,8.368200836820082963e-03,5.020920502092049431e-02,2.092050209205020828e-02,0.000000000000000000e+00,1.673640167364016593e-02,8.368200836820082963e-03,1.255230125523012358e-02,0.000000000000000000e+00
0.000000000000000000e+00,1.086350974930362229e-01,7.799442896935934733e-02,0.000000000000000000e+00,3.342618384401114390e-02,0.000000000000000000e+00,0.000000000000000000e+00,0.000000000000000000e+00,0.000000000000000000e+00,0.000000000000000000e+00,0.000000000000000000e+00,0.000000000000000000e+00,0.000000000000000000e+00,7.799442896935934733e-02,0.000000000000000000e+00,7.242339832869081062e-02,9.192200557103065439e-02,0.000000000000000000e+00,0.000000000000000000e+00,0.000000000000000000e+00,8.356545961002785974e-03,8.077994428969359486e-02,0.000000000000000000e+00,0.000000000000000000e+00,0.000000000000000000e+00,1.114206128133704739e-02,0.000000000000000000e+00,0.000000000000000000e+00,0.000000000000000000e+00,0.000000000000000000e+00,0.000000000000000000e+00,2.228412256267409478e-02,8.077994428969359486e-02,8.077994428969359486e-02,0.000000000000000000e+00,0.000000000000000000e+00,0.000000000000000000e+00,0.000000000000000000e+00,3.342618384401114390e-02,0.000000000000000000e+00,0.000000000000000000e+00,0.000000000000000000e+00,0.000000000000000000e+00,0.000000000000000000e+00,4.178272980501392814e-02,2.785515320334261847e-03,2.785515320334261847e-03,0.000000000000000000e+00,0.000000000000000000e+00,5.013927576601671238e-02,1.225626740947075299e-01,0.000000000000000000e+00
0.000000000000000000e+00,0.000000000000000000e+00,0.000000000000000000e+00,8.222811671087533469e-02,1.326259946949602184e-02,2.652519893899204107e-03,2.652519893899204107e-03,0.000000000000000000e+00,0.000000000000000000e+00,6.896551724137930939e-02,1.007957559681697673e-01,0.000000000000000000e+00,0.000000000000000000e+00,0.000000000000000000e+00,8.222811671087533469e-02,0.000000000000000000e+00,0.000000000000000000e+00,0.000000000000000000e+00,0.000000000000000000e+00,0.000000000000000000e+00,1.591511936339522551e-02,0.000000000000000000e+00,6.100795755968169837e-02,9.283819628647213551e-02,3.183023872679045102e-02,1.856763925729443265e-02,0.000000000000000000e+00,0.000000000000000000e+00,5.305039787798408735e-02,7.161803713527852000e-02,6.896551724137930939e-02,3.448275862068965469e-02,0.000000000000000000e+00,0.000000000000000000e+00,0.000000000000000000e+00,5.305039787798408214e-03,0.000000000000000000e+00,0.000000000000000000e+00,0.000000000000000000e+00,0.000000000000000000e+00,5.305039787798408214e-03,0.000000000000000000e+00,0.000000000000000000e+00,0.000000000000000000e+00,0.000000000000000000e+00,4.244031830238726571e-02,2.917771883289124735e-02,0.000000000000000000e+00,1.167108753315649894e-01,0.000000000000000000e+00,0.000000000000000000e+00,0.000000000000000000e+00
0.000000000000000000e+00,8.620689655172413673e-03,0.000000000000000000e+00,3.793103448275862016e-02,3.620689655172414090e-02,0.000000000000000000e+00,0.000000000000000000e+00,0.000000000000000000e+00,0.000000000000000000e+00,3.965517241379310637e-02,4.137931034482758563e-02,0.000000000000000000e+00,0.000000000000000000e+00,0.000000000000000000e+00,7.758620689655172653e-02,0.000000000000000000e+00,0.000000000000000000e+00,0.000000000000000000e+00,0.000000000000000000e+00,0.000000000000000000e+00,6.551724137931035086e-02,0.000000000000000000e+00,4.999999999999999584e-02,8.793103448275862988e-02,2.241379310344827902e-02,1.724137931034482735e-02,0.000000000000000000e+00,3.448275862068965469e-02,0.000000000000000000e+00,1.120689655172413812e-01,4.999999999999999584e-02,9.137931034482758841e-02,0.000000000000000000e+00,0.000000000000000000e+00,0.000000000000000000e+00,5.172413793103448204e-03,0.000000000000000000e+00,0.000000000000000000e+00,0.000000000000000000e+00,0.000000000000000000e+00,5.172413793103448204e-03,0.000000000000000000e+00,0.000000000000000000e+00,0.000000000000000000e+00,6.896551724137931806e-03,1.172413793103448398e-01,5.862068965517241992e-02,0.000000000000000000e+00,3.448275862068965469e-02,0.000000000000000000e+00,0.000000000000000000e+00,0.000000000000000000e+00
0.000000000000000000e+00,9.009009009009008931e-03,0.000000000000000000e+00,6.666666666666666574e-02,3.783783783783783994e-02,0.000000000000000000e+00,0.000000000000000000e+00,0.000000000000000000e+00,0.000000000000000000e+00,2.522522522522522778e-02,3.783783783783783994e-02,0.000000000000000000e+00,0.000000000000000000e+00,0.000000000000000000e+00,1.135135135135135198e-01,0.000000000000000000e+00,0.000000000000000000e+00,0.000000000000000000e+00,0.000000000000000000e+00,0.000000000000000000e+00,4.144144144144144143e-02,0.000000000000000000e+00,2.882882882882882927e-02,1.027027027027026945e-01,1.081081081081081141e-02,2.702702702702702853e-02,0.000000000000000000e+00,4.864864864864865135e-02,1.171171171171171282e-01,0.000000000000000000e+00,7.567567567567567988e-02,9.189189189189189699e-02,0.000000000000000000e+00,0.000000000000000000e+00,0.000000000000000000e+00,1.801801801801801830e-03,0.000000000000000000e+00,0.000000000000000000e+00,0.000000000000000000e+00,0.000000000000000000e+00,1.801801801801801830e-03,0.000000000000000000e+00,0.000000000000000000e+00,0.000000000000000000e+00,0.000000000000000000e+00,9.189189189189189699e-02,3.243243243243243423e-02,0.000000000000000000e+00,3.783783783783783994e-02,0.000000000000000000e+00,0.000000000000000000e+00,0.000000000000000000e+00
0.000000000000000000e+00,1.428571428571428527e-02,0.000000000000000000e+00,1.190476190476190410e-01,4.761904761904761640e-02,0.000000000000000000e+00,0.000000000000000000e+00,0.000000000000000000e+00,0.000000000000000000e+00,2.619047619047619110e-02,3.571428571428571230e-02,0.000000000000000000e+00,0.000000000000000000e+00,0.000000000000000000e+00,1.190476190476190410e-01,0.000000000000000000e+00,0.000000000000000000e+00,0.000000000000000000e+00,0.000000000000000000e+00,0.000000000000000000e+00,3.095238095238095344e-02,0.000000000000000000e+00,2.619047619047619110e-02,8.571428571428570120e-02,9.523809523809522934e-03,5.238095238095238221e-02,0.000000000000000000e+00,6.190476190476190688e-02,6.904761904761903824e-02,9.999999999999999167e-02,0.000000000000000000e+00,7.380952380952381098e-02,0.000000000000000000e+00,0.000000000000000000e+00,0.000000000000000000e+00,0.000000000000000000e+00,0.000000000000000000e+00,0.000000000000000000e+00,0.000000000000000000e+00,0.000000000000000000e+00,0.000000000000000000e+00,0.000000000000000000e+00,0.000000000000000000e+00,0.000000000000000000e+00,0.000000000000000000e+00,6.428571428571429325e-02,2.619047619047619110e-02,0.000000000000000000e+00,3.809523809523809174e-02,0.000000000000000000e+00,0.000000000000000000e+00,0.000000000000000000e+00
0.000000000000000000e+00,3.747534516765285706e-02,5.917159763313609329e-03,4.142011834319526270e-02,8.284023668639052540e-02,0.000000000000000000e+00,0.000000000000000000e+00,0.000000000000000000e+00,0.000000000000000000e+00,1.577909270216962603e-02,1.577909270216962603e-02,0.000000000000000000e+00,0.000000000000000000e+00,5.917159763313609329e-03,6.706114398422090284e-02,7.889546351084813017e-03,5.917159763313609329e-03,0.000000000000000000e+00,0.000000000000000000e+00,0.000000000000000000e+00,5.522682445759369285e-02,5.917159763313609329e-03,1.972386587771203167e-02,7.100591715976330154e-02,3.944773175542406508e-03,5.325443786982248656e-02,1.577909270216962603e-02,2.564102564102564014e-02,1.045364891518737599e-01,1.005917159763313612e-01,6.114398422090729091e-02,0.000000000000000000e+00,5.917159763313609329e-03,5.917159763313609329e-03,0.000000000000000000e+00,0.000000000000000000e+00,0.000000000000000000e+00,0.000000000000000000e+00,3.944773175542406508e-03,0.000000000000000000e+00,0.000000000000000000e+00,0.000000000000000000e+00,0.000000000000000000e+00,0.000000000000000000e+00,7.889546351084813017e-03,1.084812623274161725e-01,3.155818540433925207e-02,0.000000000000000000e+00,1.577909270216962603e-02,3.944773175542406508e-03,1.380670611439842321e-02,0.000000000000000000e+00
0.000000000000000000e+00,4.040404040404040054e-02,1.144781144781144844e-01,0.000000000000000000e+00,8.417508417508417357e-03,0.000000000000000000e+00,0.000000000000000000e+00,0.000000000000000000e+00,0.000000000000000000e+00,0.000000000000000000e+00,0.000000000000000000e+00,0.000000000000000000e+00,0.000000000000000000e+00,1.279461279461279466e-01,0.000000000000000000e+00,7.912457912457911136e-02,1.144781144781144844e-01,0.000000000000000000e+00,0.000000000000000000e+00,0.000000000000000000e+00,5.050505050505050067e-03,1.329966329966330019e-01,0.000000000000000000e+00,0.000000000000000000e+00,0.000000000000000000e+00,3.367003367003366856e-03,4.882154882154881442e-02,0.000000000000000000e+00,0.000000000000000000e+00,0.000000000000000000e+00,0.000000000000000000e+00,5.050505050505050067e-03,0.000000000000000000e+00,1.195286195286195119e-01,5.050505050505050067e-03,0.000000000000000000e+00,0.000000000000000000e+00,0.000000000000000000e+00,2.861952861952862109e-02,0.000000000000000000e+00,0.000000000000000000e+00,0.000000000000000000e+00,0.000000000000000000e+00,0.000000000000000000e+00,4.545454545454545581e-02,0.000000000000000000e+00,1.683501683501683428e-03,0.000000000000000000e+00,0.000000000000000000e+00,5.723905723905724219e-02,6.228956228956228358e-02,0.000000000000000000e+00
0.000000000000000000e+00,4.370629370629370430e-02,1.083916083916083850e-01,0.000000000000000000e+00,8.741258741258740167e-03,0.000000000000000000e+00,0.000000000000000000e+00,0.000000000000000000e+00,0.000000000000000000e+00,0.000000000000000000e+00,0.000000000000000000e+00,0.000000000000000000e+00,0.000000000000000000e+00,1.188811188811188801e-01,0.000000000000000000e+00,8.741258741258740861e-02,1.241258741258741000e-01,0.000000000000000000e+00,0.000000000000000000e+00,0.000000000000000000e+00,5.244755244755244100e-03,1.153846153846153771e-01,0.000000000000000000e+00,0.000000000000000000e+00,0.000000000000000000e+00,3.496503496503496067e-03,5.069930069930068950e-02,0.000000000000000000e+00,0.000000000000000000e+00,0.000000000000000000e+00,0.000000000000000000e+00,5.244755244755244100e-03,1.241258741258741000e-01,0.000000000000000000e+00,0.000000000000000000e+00,0.000000000000000000e+00,0.000000000000000000e+00,0.000000000000000000e+00,2.447552447552447594e-02,0.000000000000000000e+00,0.000000000000000000e+00,0.000000000000000000e+00,0.000000000000000000e+00,0.000000000000000000e+00,5.069930069930068950e-02,0.000000000000000000e+00,1.748251748251748033e-03,0.000000000000000000e+00,0.000000000000000000e+00,5.769230769230768857e-02,6.993006993006992134e-02,0.000000000000000000e+00
0.000000000000000000e+00,0.000000000000000000e+00,1.657458563535911533e-02,0.000000000000000000e+00,0.000000000000000000e+00,3.867403314917127605e-02,1.436464088397789995e-01,0.000000000000000000e+00,0.000000000000000000e+00,0.000000000000000000e+00,0.000000000000000000e+00,9.944751381215469199e-02,0.000000000000000000e+00,1.657458563535911533e-02,0.000000000000000000e+00,0.000000000000000000e+00,0.000000000000000000e+00,0.000000000000000000e+00,0.000000000000000000e+00,0.000000000000000000e+00,0.000000000000000000e+00,1.657458563535911533e-02,0.000000000000000000e+00,0.000000000000000000e+00,0.000000000000000000e+00,0.000000000000000000e+00,0.000000000000000000e+00,0.000000000000000000e+00,0.000000000000000000e+00,0.000000000000000000e+00,0.000000000000000000e+00,0.000000000000000000e+00,1.657458563535911533e-02,0.000000000000000000e+00,0.000000000000000000e+00,3.314917127071823066e-02,0.000000000000000000e+00,2.209944751381215378e-02,2.209944751381215378e-02,2.209944751381215378e-02,1.657458563535911533e-02,5.524861878453038444e-03,0.000000000000000000e+00,2.541436464088397962e-01,0.000000000000000000e+00,0.000000000000000000e+00,0.000000000000000000e+00,2.541436464088397962e-01,0.000000000000000000e+00,2.209944751381215378e-02,0.000000000000000000e+00,0.000000000000000000e+00
0.000000000000000000e+00,0.000000000000000000e+00,0.000000000000000000e+00,0.000000000000000000e+00,0.000000000000000000e+00,1.222222222222222043e-01,7.407407407407405608e-02,0.000000000000000000e+00,0.000000000000000000e+00,6.296296296296295669e-02,4.074074074074073015e-02,5.925925925925924764e-02,0.000000000000000000e+00,0.000000000000000000e+00,3.703703703703702978e-03,0.000000000000000000e+00,0.000000000000000000e+00,0.000000000000000000e+00,0.000000000000000000e+00,0.000000000000000000e+00,1.481481481481481191e-02,0.000000000000000000e+00,5.185185185185184342e-02,7.407407407407405955e-03,1.111111111111110772e-01,0.000000000000000000e+00,0.000000000000000000e+00,7.407407407407405955e-03,1.111111111111110807e-02,3.703703703703702978e-03,0.000000000000000000e+00,0.000000000000000000e+00,0.000000000000000000e+00,0.000000000000000000e+00,2.222222222222221613e-02,0.000000000000000000e+00,0.000000000000000000e+00,3.333333333333332593e-02,0.000000000000000000e+00,3.333333333333332593e-02,1.703703703703703387e-01,3.703703703703702978e-03,0.000000000000000000e+00,3.333333333333332593e-02,0.000000000000000000e+00,1.111111111111110807e-02,4.444444444444443226e-02,4.074074074074073015e-02,3.703703703703702804e-02,0.000000000000000000e+00,0.000000000000000000e+00,0.000000000000000000e+00
0.000000000000000000e+00,0.000000000000000000e+00,0.000000000000000000e+00,0.000000000000000000e+00,0.000000000000000000e+00,0.000000000000000000e+00,0.000000000000000000e+00,2.554744525547445466e-01,3.065693430656934448e-01,0.000000000000000000e+00,0.000000000000000000e+00,0.000000000000000000e+00,0.000000000000000000e+00,0.000000000000000000e+00,0.000000000000000000e+00,0.000000000000000000e+00,0.000000000000000000e+00,0.000000000000000000e+00,0.000000000000000000e+00,0.000000000000000000e+00,0.000000000000000000e+00,0.000000000000000000e+00,0.000000000000000000e+00,0.000000000000000000e+00,0.000000000000000000e+00,0.000000000000000000e+00,0.000000000000000000e+00,0.000000000000000000e+00,0.000000000000000000e+00,0.000000000000000000e+00,0.000000000000000000e+00,0.000000000000000000e+00,0.000000000000000000e+00,0.000000000000000000e+00,0.000000000000000000e+00,0.000000000000000000e+00,0.000000000000000000e+00,2.919708029197080543e-02,0.000000000000000000e+00,2.919708029197080543e-02,0.000000000000000000e+00,1.386861313868613388e-01,2.408759124087591630e-01,0.000000000000000000e+00,0.000000000000000000e+00,0.000000000000000000e+00,0.000000000000000000e+00,0.000000000000000000e+00,0.000000000000000000e+00,0.000000000000000000e+00,0.000000000000000000e+00,0.000000000000000000e+00
0.000000000000000000e+00,0.000000000000000000e+00,0.000000000000000000e+00,0.000000000000000000e+00,0.000000000000000000e+00,1.079545454545454419e-01,9.090909090909089774e-02,7.386363636363635354e-02,5.681818181818181629e-02,0.000000000000000000e+00,0.000000000000000000e+00,1.193181818181817955e-01,0.000000000000000000e+00,0.000000000000000000e+00,0.000000000000000000e+00,0.000000000000000000e+00,0.000000000000000000e+00,0.000000000000000000e+00,0.000000000000000000e+00,0.000000000000000000e+00,0.000000000000000000e+00,0.000000000000000000e+00,0.000000000000000000e+00,0.000000000000000000e+00,5.681818181818181109e-03,0.000000000000000000e+00,0.000000000000000000e+00,0.000000000000000000e+00,0.000000000000000000e+00,0.000000000000000000e+00,0.000000000000000000e+00,0.000000000000000000e+00,0.000000000000000000e+00,0.000000000000000000e+00,2.272727272727272443e-02,5.113636363636362564e-02,2.272727272727272443e-02,0.000000000000000000e+00,0.000000000000000000e+00,2.329545454545454142e-01,5.113636363636362564e-02,7.954545454545454419e-02,1.704545454545454419e-02,2.840909090909090814e-02,0.000000000000000000e+00,0.000000000000000000e+00,0.000000000000000000e+00,3.977272727272727210e-02,0.000000000000000000e+00,0.000000000000000000e+00,0.000000000000000000e+00,0.000000000000000000e+00
0.000000000000000000e+00,3.783783783783783994e-02,9.189189189189189699e-02,0.000000000000000000e+00,1.081081081081080968e-02,0.000000000000000000e+00,0.000000000000000000e+00,0.000000000000000000e+00,0.000000000000000000e+00,0.000000000000000000e+00,0.000000000000000000e+00,0.000000000000000000e+00,0.000000000000000000e+00,9.189189189189189699e-02,0.000000000000000000e+00,7.567567567567567988e-02,7.567567567567567988e-02,0.000000000000000000e+00,0.000000000000000000e+00,0.000000000000000000e+00,1.081081081081080968e-02,9.189189189189189699e-02,0.000000000000000000e+00,0.000000000000000000e+00,0.000000000000000000e+00,1.081081081081080968e-02,6.486486486486485459e-02,0.000000000000000000e+00,0.000000000000000000e+00,0.000000000000000000e+00,0.000000000000000000e+00,1.081081081081080968e-02,9.189189189189189699e-02,7.567567567567567988e-02,2.162162162162161935e-02,0.000000000000000000e+00,0.000000000000000000e+00,0.000000000000000000e+00,0.000000000000000000e+00,0.000000000000000000e+00,0.000000000000000000e+00,0.000000000000000000e+00,0.000000000000000000e+00,5.405405405405404838e-03,5.945945945945945582e-02,0.000000000000000000e+00,5.405405405405404838e-03,5.405405405405404838e-03,0.000000000000000000e+00,9.189189189189189699e-02,7.027027027027027417e-02,0.000000000000000000e+00
0.000000000000000000e+00,0.000000000000000000e+00,0.000000000000000000e+00,0.000000000000000000e+00,0.000000000000000000e+00,1.040462427745664775e-01,8.670520231213872664e-02,7.514450867052023531e-02,5.780346820809249136e-02,0.000000000000000000e+00,0.000000000000000000e+00,1.156069364161849827e-01,0.000000000000000000e+00,0.000000000000000000e+00,0.000000000000000000e+00,0.000000000000000000e+00,0.000000000000000000e+00,0.000000000000000000e+00,0.000000000000000000e+00,0.000000000000000000e+00,0.000000000000000000e+00,0.000000000000000000e+00,0.000000000000000000e+00,0.000000000000000000e+00,5.780346820809249136e-03,0.000000000000000000e+00,0.000000000000000000e+00,0.000000000000000000e+00,0.000000000000000000e+00,0.000000000000000000e+00,0.000000000000000000e+00,0.000000000000000000e+00,0.000000000000000000e+00,0.000000000000000000e+00,2.312138728323699655e-02,5.202312138728323876e-02,2.312138728323699655e-02,2.369942196531791834e-01,0.000000000000000000e+00,0.000000000000000000e+00,5.202312138728323876e-02,8.092485549132949485e-02,1.734104046242774394e-02,2.890173410404624568e-02,0.000000000000000000e+00,0.000000000000000000e+00,0.000000000000000000e+00,4.046242774566474742e-02,0.000000000000000000e+00,0.000000000000000000e+00,0.000000000000000000e+00,0.000000000000000000e+00
0.000000000000000000e+00,0.000000000000000000e+00,0.000000000000000000e+00,0.000000000000000000e+00,0.000000000000000000e+00,1.263157894736842146e-01,6.315789473684210731e-02,0.000000000000000000e+00,0.000000000000000000e+00,7.017543859649123805e-02,4.912280701754387358e-02,4.912280701754387358e-02,0.000000000000000000e+00,0.000000000000000000e+00,3.508771929824561903e-03,0.000000000000000000e+00,0.000000000000000000e+00,0.000000000000000000e+00,0.000000000000000000e+00,0.000000000000000000e+00,1.754385964912280951e-02,0.000000000000000000e+00,5.964912280701755581e-02,7.017543859649123805e-03,1.438596491228070207e-01,0.000000000000000000e+00,0.000000000000000000e+00,7.017543859649123805e-03,1.052631578947368571e-02,3.508771929824561903e-03,0.000000000000000000e+00,0.000000000000000000e+00,0.000000000000000000e+00,0.000000000000000000e+00,1.052631578947368571e-02,1.614035087719298545e-01,0.000000000000000000e+00,3.157894736842105365e-02,0.000000000000000000e+00,3.157894736842105365e-02,0.000000000000000000e+00,3.508771929824561903e-03,0.000000000000000000e+00,2.105263157894737142e-02,0.000000000000000000e+00,1.052631578947368571e-02,4.912280701754387358e-02,2.807017543859649522e-02,4.210526315789474283e-02,0.000000000000000000e+00,0.000000000000000000e+00,0.000000000000000000e+00
0.000000000000000000e+00,0.000000000000000000e+00,0.000000000000000000e+00,0.000000000000000000e+00,0.000000000000000000e+00,4.195804195804195280e-02,2.797202797202796853e-02,2.237762237762237483e-01,1.818181818181817955e-01,0.000000000000000000e+00,0.000000000000000000e+00,4.895104895104895187e-02,0.000000000000000000e+00,0.000000000000000000e+00,0.000000000000000000e+00,0.000000000000000000e+00,0.000000000000000000e+00,0.000000000000000000e+00,0.000000000000000000e+00,0.000000000000000000e+00,0.000000000000000000e+00,0.000000000000000000e+00,0.000000000000000000e+00,0.000000000000000000e+00,0.000000000000000000e+00,0.000000000000000000e+00,0.000000000000000000e+00,0.000000000000000000e+00,0.000000000000000000e+00,0.000000000000000000e+00,0.000000000000000000e+00,0.000000000000000000e+00,0.000000000000000000e+00,0.000000000000000000e+00,6.993006993006992134e-03,6.993006993006992134e-03,1.328671328671328644e-01,9.790209790209790375e-02,0.000000000000000000e+00,9.790209790209790375e-02,6.993006993006992134e-03,0.000000000000000000e+00,1.118881118881118741e-01,6.993006993006992134e-03,0.000000000000000000e+00,0.000000000000000000e+00,0.000000000000000000e+00,6.993006993006992134e-03,0.000000000000000000e+00,0.000000000000000000e+00,0.000000000000000000e+00,0.000000000000000000e+00
0.000000000000000000e+00,0.000000000000000000e+00,0.000000000000000000e+00,0.000000000000000000e+00,0.000000000000000000e+00,0.000000000000000000e+00,0.000000000000000000e+00,2.389380530973451711e-01,2.743362831858407458e-01,0.000000000000000000e+00,0.000000000000000000e+00,0.000000000000000000e+00,0.000000000000000000e+00,0.000000000000000000e+00,0.000000000000000000e+00,0.000000000000000000e+00,0.000000000000000000e+00,0.000000000000000000e+00,0.000000000000000000e+00,0.000000000000000000e+00,0.000000000000000000e+00,0.000000000000000000e+00,0.000000000000000000e+00,0.000000000000000000e+00,0.000000000000000000e+00,0.000000000000000000e+00,0.000000000000000000e+00,0.000000000000000000e+00,0.000000000000000000e+00,0.000000000000000000e+00,0.000000000000000000e+00,0.000000000000000000e+00,0.000000000000000000e+00,0.000000000000000000e+00,0.000000000000000000e+00,0.000000000000000000e+00,2.920353982300885609e-01,2.654867256637168452e-02,0.000000000000000000e+00,2.654867256637168452e-02,0.000000000000000000e+00,1.415929203539823267e-01,0.000000000000000000e+00,0.000000000000000000e+00,0.000000000000000000e+00,0.000000000000000000e+00,0.000000000000000000e+00,0.000000000000000000e+00,0.000000000000000000e+00,0.000000000000000000e+00,0.000000000000000000e+00,0.000000000000000000e+00
0.000000000000000000e+00,0.000000000000000000e+00,0.000000000000000000e+00,0.000000000000000000e+00,0.000000000000000000e+00,6.632653061224488833e-02,1.632653061224489666e-01,0.000000000000000000e+00,0.000000000000000000e+00,0.000000000000000000e+00,0.000000000000000000e+00,1.122448979591836593e-01,0.000000000000000000e+00,0.000000000000000000e+00,0.000000000000000000e+00,0.000000000000000000e+00,0.000000000000000000e+00,0.000000000000000000e+00,0.000000000000000000e+00,0.000000000000000000e+00,0.000000000000000000e+00,0.000000000000000000e+00,0.000000000000000000e+00,0.000000000000000000e+00,0.000000000000000000e+00,0.000000000000000000e+00,0.000000000000000000e+00,0.000000000000000000e+00,0.000000000000000000e+00,0.000000000000000000e+00,0.000000000000000000e+00,0.000000000000000000e+00,0.000000000000000000e+00,0.000000000000000000e+00,2.346938775510203912e-01,4.591836734693877098e-02,0.000000000000000000e+00,2.551020408163265363e-02,5.102040816326530205e-03,2.551020408163265363e-02,3.061224489795917950e-02,5.102040816326530205e-03,0.000000000000000000e+00,0.000000000000000000e+00,0.000000000000000000e+00,0.000000000000000000e+00,0.000000000000000000e+00,2.806122448979591621e-01,0.000000000000000000e+00,5.102040816326530205e-03,0.000000000000000000e+00,0.000000000000000000e+00
0.000000000000000000e+00,3.305785123966941547e-02,7.162534435261708188e-02,0.000000000000000000e+00,1.377410468319559093e-02,0.000000000000000000e+00,0.000000000000000000e+00,0.000000000000000000e+00,0.000000000000000000e+00,8.264462809917353867e-03,5.509641873278236200e-03,0.000000000000000000e+00,0.000000000000000000e+00,8.539944903581266067e-02,0.000000000000000000e+00,1.184573002754820831e-01,6.887052341597794947e-02,0.000000000000000000e+00,0.000000000000000000e+00,0.000000000000000000e+00,2.754820936639118187e-02,7.988980716253442360e-02,1.101928374655647240e-02,0.000000000000000000e+00,5.509641873278236200e-03,5.509641873278236200e-03,4.132231404958677107e-02,0.000000000000000000e+00,1.101928374655647240e-02,0.000000000000000000e+00,0.000000000000000000e+00,1.101928374655647240e-02,7.438016528925620041e-02,7.988980716253442360e-02,0.000000000000000000e+00,0.000000000000000000e+00,0.000000000000000000e+00,0.000000000000000000e+00,3.030303030303030040e-02,0.000000000000000000e+00,0.000000000000000000e+00,0.000000000000000000e+00,0.000000000000000000e+00,0.000000000000000000e+00,0.000000000000000000e+00,1.377410468319559093e-02,1.377410468319559093e-02,0.000000000000000000e+00,0.000000000000000000e+00,1.432506887052341638e-01,4.683195592286501507e-02,0.000000000000000000e+00
0.000000000000000000e+00,1.298701298701298613e-02,0.000000000000000000e+00,3.525046382189239019e-02,4.452690166975880465e-02,0.000000000000000000e+00,0.000000000000000000e+00,0.000000000000000000e+00,0.000000000000000000e+00,3.525046382189239019e-02,3.710575139146567863e-02,0.000000000000000000e+00,0.000000000000000000e+00,0.000000000000000000e+00,6.493506493506492894e-02,1.855287569573283672e-03,0.000000000000000000e+00,0.000000000000000000e+00,0.000000000000000000e+00,0.000000000000000000e+00,7.977736549165119484e-02,0.000000000000000000e+00,4.638218923933209309e-02,8.163265306122448328e-02,2.040816326530612082e-02,2.226345083487940232e-02,1.855287569573283672e-03,2.968460111317253874e-02,1.261595547309833087e-01,9.461966604823747462e-02,5.009276437847866303e-02,1.020408163265306145e-01,0.000000000000000000e+00,0.000000000000000000e+00,0.000000000000000000e+00,5.565862708719850581e-03,0.000000000000000000e+00,0.000000000000000000e+00,0.000000000000000000e+00,0.000000000000000000e+00,5.565862708719850581e-03,0.000000000000000000e+00,0.000000000000000000e+00,0.000000000000000000e+00,9.276437847866419659e-03,0.000000000000000000e+00,6.122448979591836593e-02,0.000000000000000000e+00,2.968460111317253874e-02,0.000000000000000000e+00,1.855287569573283672e-03,0.000000000000000000e+00
0.000000000000000000e+00,8.869179600886917952e-03,2.217294900221729488e-03,1.995565410199556453e-02,1.773835920177383590e-02,8.869179600886917952e-03,4.434589800443458976e-03,0.000000000000000000e+00,0.000000000000000000e+00,8.647450110864746131e-02,6.651884700665187944e-02,2.217294900221729488e-03,0.000000000000000000e+00,2.217294900221729488e-03,3.325942350332593972e-02,2.217294900221729488e-03,2.217294900221729488e-03,0.000000000000000000e+00,0.000000000000000000e+00,0.000000000000000000e+00,1.019955654101995651e-01,2.217294900221729488e-03,1.042128603104212903e-01,4.656319290465631838e-02,6.873614190687361847e-02,1.108647450110864831e-02,2.217294900221729488e-03,2.439024390243902524e-02,7.538802660753880780e-02,3.991130820399112905e-02,2.439024390243902524e-02,3.547671840354767181e-02,2.217294900221729488e-03,2.217294900221729488e-03,0.000000000000000000e+00,2.660753880266075386e-02,0.000000000000000000e+00,0.000000000000000000e+00,2.217294900221729488e-03,0.000000000000000000e+00,3.104212860310421804e-02,0.000000000000000000e+00,0.000000000000000000e+00,0.000000000000000000e+00,1.108647450110864831e-02,7.317073170731708265e-02,0.000000000000000000e+00,0.000000000000000000e+00,5.321507760532150771e-02,2.217294900221729488e-03,2.217294900221729488e-03,0.000000000000000000e+00
0.000000000000000000e+00,0.000000000000000000e+00,0.000000000000000000e+00,0.000000000000000000e+00,0.000000000000000000e+00,7.142857142857142461e-02,1.619047619047619124e-01,0.000000000000000000e+00,0.000000000000000000e+00,0.000000000000000000e+00,0.000000000000000000e+00,1.142857142857142821e-01,0.000000000000000000e+00,0.000000000000000000e+00,0.000000000000000000e+00,0.000000000000000000e+00,0.000000000000000000e+00,0.000000000000000000e+00,0.000000000000000000e+00,0.000000000000000000e+00,0.000000000000000000e+00,0.000000000000000000e+00,0.000000000000000000e+00,0.000000000000000000e+00,0.000000000000000000e+00,0.000000000000000000e+00,0.000000000000000000e+00,0.000000000000000000e+00,0.000000000000000000e+00,0.000000000000000000e+00,0.000000000000000000e+00,0.000000000000000000e+00,0.000000000000000000e+00,0.000000000000000000e+00,2.190476190476190466e-01,5.238095238095238221e-02,0.000000000000000000e+00,3.333333333333333287e-02,4.761904761904761467e-03,3.333333333333333287e-02,3.809523809523809174e-02,4.761904761904761467e-03,0.000000000000000000e+00,2.619047619047619180e-01,0.000000000000000000e+00,0.000000000000000000e+00,0.000000000000000000e+00,0.000000000000000000e+00,0.000000000000000000e+00,4.761904761904761467e-03,0.000000000000000000e+00,0.000000000000000000e+00
0.000000000000000000e+00,2.118644067796610162e-03,0.000000000000000000e+00,4.449152542372881297e-02,8.474576271186440649e-03,1.059322033898305211e-02,2.118644067796610162e-03,0.000000000000000000e+00,0.000000000000000000e+00,1.122881355932203451e-01,1.440677966101694962e-01,0.000000000000000000e+00,0.000000000000000000e+00,0.000000000000000000e+00,4.449152542372881297e-02,0.000000000000000000e+00,0.000000000000000000e+00,0.000000000000000000e+00,0.000000000000000000e+00,0.000000000000000000e+00,2.118644067796610422e-02,0.000000000000000000e+00,1.016949152542372947e-01,6.779661016949152519e-02,6.991525423728814359e-02,8.474576271186440649e-03,0.000000000000000000e+00,9.322033898305084887e-02,4.237288135593220845e-02,4.449152542372881297e-02,3.389830508474576259e-02,1.694915254237288130e-02,0.000000000000000000e+00,0.000000000000000000e+00,0.000000000000000000e+00,2.118644067796610422e-02,0.000000000000000000e+00,0.000000000000000000e+00,0.000000000000000000e+00,0.000000000000000000e+00,2.542372881355932368e-02,0.000000000000000000e+00,0.000000000000000000e+00,0.000000000000000000e+00,0.000000000000000000e+00,3.389830508474576259e-02,5.084745762711864736e-02,0.000000000000000000e+00,0.000000000000000000e+00,0.000000000000000000e+00,0.000000000000000000e+00,0.000000000000000000e+00
0.000000000000000000e+00,3.376623376623376360e-02,8.831168831168831335e-02,0.000000000000000000e+00,7.792207792207791334e-03,0.000000000000000000e+00,2.597402597402597400e-03,0.000000000000000000e+00,0.000000000000000000e+00,0.000000000000000000e+00,0.000000000000000000e+00,2.597402597402597400e-03,0.000000000000000000e+00,9.610389610389609427e-02,0.000000000000000000e+00,1.064935064935064873e-01,7.532467532467532201e-02,0.000000000000000000e+00,0.000000000000000000e+00,0.000000000000000000e+00,1.298701298701298787e-02,9.350649350649349600e-02,0.000000000000000000e+00,0.000000000000000000e+00,0.000000000000000000e+00,5.194805194805194801e-03,4.675324675324674800e-02,0.000000000000000000e+00,0.000000000000000000e+00,0.000000000000000000e+00,0.000000000000000000e+00,5.194805194805194801e-03,8.831168831168831335e-02,8.571428571428571508e-02,1.038961038961038960e-02,0.000000000000000000e+00,0.000000000000000000e+00,0.000000000000000000e+00,4.415584415584415667e-02,0.000000000000000000e+00,0.000000000000000000e+00,0.000000000000000000e+00,0.000000000000000000e+00,2.597402597402597400e-03,1.350649350649350544e-01,0.000000000000000000e+00,2.597402597402597400e-03,2.597402597402597400e-03,0.000000000000000000e+00,0.000000000000000000e+00,5.194805194805195148e-02,0.000000000000000000e+00
0.000000000000000000e+00,1.162790697674418589e-01,8.372093023255813837e-02,0.000000000000000000e+00,3.023255813953488677e-02,0.000000000000000000e+00,0.000000000000000000e+00,0.000000000000000000e+00,0.000000000000000000e+00,0.000000000000000000e+00,0.000000000000000000e+00,0.000000000000000000e+00,0.000000000000000000e+00,8.139534883720929426e-02,0.000000000000000000e+00,6.744186046511627119e-02,1.046511627906976799e-01,0.000000000000000000e+00,0.000000000000000000e+00,0.000000000000000000e+00,6.976744186046511531e-03,8.372093023255813837e-02,0.000000000000000000e+00,0.000000000000000000e+00,0.000000000000000000e+00,6.976744186046511531e-03,1.023255813953488358e-01,0.000000000000000000e+00,0.000000000000000000e+00,0.000000000000000000e+00,0.000000000000000000e+00,1.627906976744186371e-02,8.604651162790698249e-02,9.302325581395350096e-02,0.000000000000000000e+00,0.000000000000000000e+00,0.000000000000000000e+00,0.000000000000000000e+00,3.023255813953488677e-02,0.000000000000000000e+00,0.000000000000000000e+00,0.000000000000000000e+00,0.000000000000000000e+00,0.000000000000000000e+00,3.953488372093023895e-02,2.325581395348837177e-03,2.325581395348837177e-03,0.000000000000000000e+00,0.000000000000000000e+00,4.651162790697675048e-02,0.000000000000000000e+00,0.000000000000000000e+00
1.833333333333333481e-01,0.000000000000000000e+00,0.000000000000000000e+00,0.000000000000000000e+00,0.000000000000000000e+00,0.000000000000000000e+00,0.000000000000000000e+00,0.000000000000000000e+00,0.000000000000000000e+00,0.000000000000000000e+00,0.000000000000000000e+00,0.000000000000000000e+00,2.555555555555555358e-01,0.000000000000000000e+00,0.000000000000000000e+00,0.000000000000000000e+00,0.000000000000000000e+00,2.722222222222221988e-01,1.833333333333333481e-01,1.055555555555555552e-01,0.000000000000000000e+00,0.000000000000000000e+00,0.000000000000000000e+00,0.000000000000000000e+00,0.000000000000000000e+00,0.000000000000000000e+00,0.000000000000000000e+00,0.000000000000000000e+00,0.000000000000000000e+00,0.000000000000000000e+00,0.000000000000000000e+00,0.000000000000000000e+00,0.000000000000000000e+00,0.000000000000000000e+00,0.000000000000000000e+00,0.000000000000000000e+00,0.000000000000000000e+00,0.000000000000000000e+00,0.000000000000000000e+00,0.000000000000000000e+00,0.000000000000000000e+00,0.000000000000000000e+00,0.000000000000000000e+00,0.000000000000000000e+00,0.000000000000000000e+00,0.000000000000000000e+00,0.000000000000000000e+00,0.000000000000000000e+00,0.000000000000000000e+00,0.000000000000000000e+00,0.000000000000000000e+00,0.000000000000000000e+00
